{
  "project_info": {
    "project_number": "776588621525",
    "firebase_url": "https://chats14-e92f1.firebaseio.com",
    "project_id": "chats14-e92f1",
    "storage_bucket": "chats14-e92f1.appspot.com"
  },
  "client": [
    {
      "client_info": {
        "mobilesdk_app_id": "1:776588621525:android:92a99062d1bfb4d901545c",
        "android_client_info": {
          "package_name": "com.example.appusuariofinal"
        }
      },
      "oauth_client": [
        {
          "client_id": "776588621525-kjkasmhfmj83l04afp44u646vr54oqhj.apps.googleusercontent.com",
          "client_type": 1,
          "android_info": {
            "package_name": "com.example.appusuariofinal",
            "certificate_hash": "b201f8fe155c89c7cd5a8ad104f6ef00b38a2e48"
          }
        },
        {
          "client_id": "776588621525-gokvhdvmbok4tu3jn14k2if3e9gu11no.apps.googleusercontent.com",
          "client_type": 1,
          "android_info": {
            "package_name": "com.example.appusuariofinal",
            "certificate_hash": "5fefe0024cfc8d28df41411b56831d8d77f26d4b"
          }
        },
        {
          "client_id": "776588621525-894apa77os8gl1606qtrgo06e20guvj4.apps.googleusercontent.com",
          "client_type": 3
        }
      ],
      "api_key": [
        {
          "current_key": "AIzaSyATrmadxR2M8seScXLSzE89Fohx92a-Cl8"
        }
      ],
      "services": {
        "appinvite_service": {
          "other_platform_oauth_client": [
            {
              "client_id": "776588621525-894apa77os8gl1606qtrgo06e20guvj4.apps.googleusercontent.com",
              "client_type": 3
            }
          ]
        }
      }
    },
    {
      "client_info": {
        "mobilesdk_app_id": "1:776588621525:android:c59fe27626cecefb01545c",
        "android_client_info": {
          "package_name": "com.example.s14_firebasejavascript"
        }
      },
      "oauth_client": [
        {
          "client_id": "776588621525-5ppb9un7q3ndcuind1vfnoilbsdb8kst.apps.googleusercontent.com",
          "client_type": 1,
          "android_info": {
            "package_name": "com.example.s14_firebasejavascript",
            "certificate_hash": "b08b99b32910811ac3ca12389640d2049a4194f4"
          }
        },
        {
          "client_id": "776588621525-894apa77os8gl1606qtrgo06e20guvj4.apps.googleusercontent.com",
          "client_type": 3
        }
      ],
      "api_key": [
        {
          "current_key": "AIzaSyATrmadxR2M8seScXLSzE89Fohx92a-Cl8"
        }
      ],
      "services": {
        "appinvite_service": {
          "other_platform_oauth_client": [
            {
              "client_id": "776588621525-894apa77os8gl1606qtrgo06e20guvj4.apps.googleusercontent.com",
              "client_type": 3
            }
          ]
        }
      }
    }
  ],
  "configuration_version": "1"
}